{
  "svmsgd2": {
    "final_cost": 0.39853190950950584,
    "test_accuracy": 0.735,
    "time_seconds": 0.16373205184936523,
    "cost_per_epoch": [
      2544243107.515615,
      0.5165261952996123,
      0.4545791604546181,
      0.5871012929168152,
      0.4863241408886239,
      0.41858242959179304,
      0.44198723781159605,
      0.41594010072461285,
      0.4374587836349082,
      0.40753163646641727,
      0.43149727519317416,
      0.44216020413724644,
      0.3947268572447302,
      0.40488399783535467,
      0.402308117158485,
      0.3949862917750863,
      0.4182287911441708,
      0.40097053471590416,
      0.3888411338619429,
      0.39853190950950584
    ]
  },
  "sgdqn": {
    "final_cost": 142.4741082309143,
    "test_accuracy": 0.7525,
    "time_seconds": 0.20678019523620605,
    "cost_per_epoch": [
      80172.8567020831,
      393.25383063538675,
      280.53217721835244,
      232.58696584174092,
      206.53771416013964,
      190.55212999175842,
      179.65791356286607,
      171.70691416413445,
      165.579963588189,
      160.81926704872282,
      157.2531185058738,
      154.68060076460606,
      152.58989075183285,
      150.82371417964836,
      149.20964804588303,
      147.70105171119056,
      146.29778652687443,
      144.93458751718316,
      143.65974670457666,
      142.4741082309143
    ]
  }
}