{
  "svmsgd2": {
    "final_cost": 0.39853190950950584,
    "test_accuracy": 0.735,
    "time_seconds": 0.09150505065917969,
    "cost_per_epoch": [
      2544243107.515588,
      0.5165261952996123,
      0.45457916045461805,
      0.5871012929168151,
      0.486324140888624,
      0.4185824295917929,
      0.44198723781159605,
      0.41594010072461285,
      0.4374587836349082,
      0.40753163646641727,
      0.4314972751931741,
      0.44216020413724644,
      0.3947268572447302,
      0.40488399783535467,
      0.402308117158485,
      0.3949862917750864,
      0.41822879114417083,
      0.40097053471590416,
      0.38884113386194286,
      0.39853190950950584
    ]
  },
  "sgdqn": {
    "final_cost": 142.54444679601087,
    "test_accuracy": 0.75,
    "time_seconds": 0.12482023239135742,
    "cost_per_epoch": [
      80172.85670208985,
      393.25383063915206,
      280.5321768561889,
      232.5869652283298,
      206.537713480375,
      190.55212928577453,
      179.65790976973418,
      171.70690822717324,
      165.57995629653325,
      160.81922660756436,
      157.25326223920086,
      154.68744335592518,
      152.6015874820103,
      150.8382789458627,
      149.22831192913702,
      147.7249523859009,
      146.3260163380566,
      144.98379176140892,
      143.7352378550696,
      142.54444679601087
    ]
  }
}